{"DCOPF":{"solve_time":0.007082939147949219,"optimizer":"Mosek","termination_status":"OPTIMAL","time_build":4.560029333,"objective":17479.896893486217,"primal_status":"FEASIBLE_POINT","opf_model":"DCPPowerModel","dual_status":"FEASIBLE_POINT","solution":{"global":{"lam_slack_bus":9.387666244397404e-13},"baseMVA":100.0,"branch":{"4":{"mu_sm_ub":-0.0,"lam_ohm":361.55404721720146,"mu_va_diff":-0.0,"mu_sm_lb":-5.557104316081381e-7,"pf":-0.502832347667973},"1":{"mu_sm_ub":-5.567603712510885e-7,"lam_ohm":940.7100672966075,"mu_va_diff":-0.0,"mu_sm_lb":0.0,"pf":2.4971676523320268},"5":{"mu_sm_ub":-0.0,"lam_ohm":994.2736298473039,"mu_va_diff":0.0,"mu_sm_lb":0.0,"pf":-0.2678838911704169},"2":{"mu_sm_ub":-0.0,"lam_ohm":2296.5377453103024,"mu_va_diff":0.0,"mu_sm_lb":0.0,"pf":1.8678838839027359},"6":{"mu_sm_ub":-0.0,"lam_ohm":3237.930571811645,"mu_va_diff":0.0,"mu_sm_lb":6232.204198049127,"pf":-2.3999999999110155},"3":{"mu_sm_ub":-0.0,"lam_ohm":-697.7358807944287,"mu_va_diff":-0.0,"mu_sm_lb":1.3275049919593956e-7,"pf":-2.265051551049061}},"gen":{"4":{"pg":2.5278727819944473e-9,"mu_pg_lb":5.726367175447163,"mu_pg_ub":-4.3600120828982356e-8},"1":{"pg":0.39999999090019345,"mu_pg_lb":2.4192690754270063e-7,"mu_pg_ub":-297.73588225547934},"5":{"pg":4.665051537695962,"mu_pg_lb":1.8431625768768985e-7,"mu_pg_ub":6.291882571805589e-8},"2":{"pg":1.699999992617216,"mu_pg_lb":1.9958360205482578e-7,"mu_pg_ub":-197.73588242637828},"3":{"pg":3.234948456497556,"mu_pg_lb":1.7003913517569704e-7,"mu_pg_ub":-9.955425686056265e-7}},"bus":{"4":{"va":0.0,"lam_kirchhoff":3994.273624501744},"1":{"va":0.057351506771349606,"lam_kirchhoff":1697.7358791914417},"5":{"va":0.07199279999733073,"lam_kirchhoff":999.9999984275435},"2":{"va":-0.013520608331801244,"lam_kirchhoff":2638.4459470448096},"3":{"va":-0.008035713083438995,"lam_kirchhoff":2999.9999946544403}},"per_unit":true},"objective_lb":17479.896889448046},"meta":{"OPF":{"DCOPF":{"solver":{"name":"Mosek"},"type":"DCPPowerModel"},"SOCWRConic":{"solver":{"name":"Mosek","attributes":{"MSK_DPAR_INTPNT_CO_TOL_PFEAS":1.0e-6,"MSK_DPAR_INTPNT_CO_TOL_REL_GAP":1.0e-6,"MSK_DPAR_INTPNT_CO_TOL_MU_RED":1.0e-6,"MSK_DPAR_INTPNT_CO_TOL_DFEAS":1.0e-6}},"type":"SOCWRConicPowerModel"},"ACOPF":{"solver":{"name":"Ipopt","attributes":{"tol":1.0e-6,"hsllib":"/Users/mklamkin3/.julia/artifacts/e04758bee3b54e6beff189ac80bf85336c66391a/lib/libhsl.dylib"}},"type":"ACPPowerModel"}},"export_dir":"/Users/mklamkin3/Git/AI4OPT/OPFData/data","sampler":{"load":{"sigma":0.15,"u":1.2,"l":0.8,"noise_type":"ScaledLogNormal"}},"ref":"5_pjm"},"data":{"basic_network":true,"bus":{"4":{"zone":1,"bus_i":4,"bus_type":3,"vmax":1.1,"source_id":["bus",4],"area":1,"vmin":0.9,"index":4,"va":0.0,"vm":1.0,"base_kv":230.0},"1":{"zone":1,"bus_i":1,"bus_type":2,"vmax":1.1,"source_id":["bus",1],"area":1,"vmin":0.9,"index":1,"va":0.0,"vm":1.0,"base_kv":230.0},"5":{"zone":1,"bus_i":5,"bus_type":2,"vmax":1.1,"source_id":["bus",5],"area":1,"vmin":0.9,"index":5,"va":0.0,"vm":1.0,"base_kv":230.0},"2":{"zone":1,"bus_i":2,"bus_type":1,"vmax":1.1,"source_id":["bus",2],"area":1,"vmin":0.9,"index":2,"va":0.0,"vm":1.0,"base_kv":230.0},"3":{"zone":1,"bus_i":3,"bus_type":2,"vmax":1.1,"source_id":["bus",3],"area":1,"vmin":0.9,"index":3,"va":0.0,"vm":1.0,"base_kv":230.0}},"source_type":"matpower","name":"pglib_opf_case5_pjm","dcline":{},"source_version":"2","gen":{"4":{"pg":1.0,"model":2,"shutdown":0.0,"startup":0.0,"qg":0.0,"gen_bus":4,"pmax":2.0,"vg":1.0,"mbase":100.0,"source_id":["gen",4],"index":4,"cost":[0.0,4000.0,0.0],"qmax":1.5,"gen_status":1,"qmin":-1.5,"pmin":0.0,"ncost":3},"1":{"pg":0.2,"model":2,"shutdown":0.0,"startup":0.0,"qg":0.0,"gen_bus":1,"pmax":0.4,"vg":1.0,"mbase":100.0,"source_id":["gen",1],"index":1,"cost":[0.0,1400.0,0.0],"qmax":0.3,"gen_status":1,"qmin":-0.3,"pmin":0.0,"ncost":3},"5":{"pg":3.0,"model":2,"shutdown":0.0,"startup":0.0,"qg":0.0,"gen_bus":5,"pmax":6.0,"vg":1.0,"mbase":100.0,"source_id":["gen",5],"index":5,"cost":[0.0,1000.0,0.0],"qmax":4.5,"gen_status":1,"qmin":-4.5,"pmin":0.0,"ncost":3},"2":{"pg":0.85,"model":2,"shutdown":0.0,"startup":0.0,"qg":0.0,"gen_bus":1,"pmax":1.7,"vg":1.0,"mbase":100.0,"source_id":["gen",2],"index":2,"cost":[0.0,1500.0,0.0],"qmax":1.275,"gen_status":1,"qmin":-1.275,"pmin":0.0,"ncost":3},"3":{"pg":2.6,"model":2,"shutdown":0.0,"startup":0.0,"qg":0.0,"gen_bus":3,"pmax":5.2,"vg":1.0,"mbase":100.0,"source_id":["gen",3],"index":3,"cost":[0.0,3000.0,0.0],"qmax":3.9,"gen_status":1,"qmin":-3.9,"pmin":0.0,"ncost":3}},"branch":{"4":{"br_r":0.00108,"rate_a":4.26,"shift":0.0,"rate_b":4.26,"br_x":0.0108,"rate_c":4.26,"g_to":0.0,"g_fr":0.0,"source_id":["branch",4],"b_fr":0.00926,"f_bus":2,"br_status":1,"t_bus":3,"b_to":0.00926,"index":4,"angmin":-0.5235987755982988,"angmax":0.5235987755982988,"transformer":false,"tap":1.0},"1":{"br_r":0.00281,"rate_a":4.0,"shift":0.0,"rate_b":4.0,"br_x":0.0281,"rate_c":4.0,"g_to":0.0,"g_fr":0.0,"source_id":["branch",1],"b_fr":0.00356,"f_bus":1,"br_status":1,"t_bus":2,"b_to":0.00356,"index":1,"angmin":-0.5235987755982988,"angmax":0.5235987755982988,"transformer":false,"tap":1.0},"5":{"br_r":0.00297,"rate_a":4.26,"shift":0.0,"rate_b":4.26,"br_x":0.0297,"rate_c":4.26,"g_to":0.0,"g_fr":0.0,"source_id":["branch",5],"b_fr":0.00337,"f_bus":3,"br_status":1,"t_bus":4,"b_to":0.00337,"index":5,"angmin":-0.5235987755982988,"angmax":0.5235987755982988,"transformer":false,"tap":1.0},"2":{"br_r":0.00304,"rate_a":4.26,"shift":0.0,"rate_b":4.26,"br_x":0.0304,"rate_c":4.26,"g_to":0.0,"g_fr":0.0,"source_id":["branch",2],"b_fr":0.00329,"f_bus":1,"br_status":1,"t_bus":4,"b_to":0.00329,"index":2,"angmin":-0.5235987755982988,"angmax":0.5235987755982988,"transformer":false,"tap":1.0},"6":{"br_r":0.00297,"rate_a":2.4,"shift":0.0,"rate_b":2.4,"br_x":0.0297,"rate_c":2.4,"g_to":0.0,"g_fr":0.0,"source_id":["branch",6],"b_fr":0.00337,"f_bus":4,"br_status":1,"t_bus":5,"b_to":0.00337,"index":6,"angmin":-0.5235987755982988,"angmax":0.5235987755982988,"transformer":false,"tap":1.0},"3":{"br_r":0.00064,"rate_a":4.26,"shift":0.0,"rate_b":4.26,"br_x":0.0064,"rate_c":4.26,"g_to":0.0,"g_fr":0.0,"source_id":["branch",3],"b_fr":0.01563,"f_bus":1,"br_status":1,"t_bus":5,"b_to":0.01563,"index":3,"angmin":-0.5235987755982988,"angmax":0.5235987755982988,"transformer":false,"tap":1.0}},"storage":{},"switch":{},"baseMVA":100.0,"per_unit":true,"areas":{"1":{"source_id":["areas",1],"col_1":1,"col_2":4,"index":1}},"shunt":{},"load":{"1":{"source_id":["bus",2],"load_bus":2,"status":1,"qd":0.9861,"pd":3.0,"index":1},"2":{"source_id":["bus",3],"load_bus":3,"status":1,"qd":0.9861,"pd":3.0,"index":2},"3":{"source_id":["bus",4],"load_bus":4,"status":1,"qd":1.3147,"pd":4.0,"index":3}}},"SOCWRConic":{"solve_time":0.0034999847412109375,"optimizer":"Mosek","termination_status":"OPTIMAL","time_build":1.535841625,"objective":14999.570611995226,"primal_status":"FEASIBLE_POINT","opf_model":"SOCWRConicPowerModel","dual_status":"FEASIBLE_POINT","solution":{"baseMVA":100.0,"branch":{"4":{"nu_sm_to":[0.0003960561307570053,2.9083781463345968e-5,5.500088027699408e-6],"nu_sm_fr":[0.00032920213587633694,-1.9042395067399484e-5,6.887511332519509e-5],"mu_wr_ub":-0.051288989108408005,"mu_wi_lb":0.0021018623803287857,"lam_ohm_reactive_fr":-4.867119521734805,"pt":-0.25788344978970734,"mu_va_diff_lb":0.0,"wi":0.0037362407911220963,"qf":-0.8841005109415714,"mu_va_diff_ub":-0.0018889948456843365,"mu_wi_ub":-0.0021281784843964384,"qt":0.8695600697112411,"lam_ohm_active_to":-2999.999641225461,"nu_jabr":[39504.83196072362,38900.0016799838,-55438.66498361401,-174.20420398316554],"lam_ohm_active_fr":-2998.583893295659,"wr":1.1881375397021563,"mu_wr_lb":0.002744203563476827,"pf":0.25862991178889594,"lam_ohm_reactive_to":-0.0002220565923546556},"1":{"nu_sm_to":[0.0009673726736924218,0.0007836199174859846,2.7684218321820327e-5],"nu_sm_fr":[0.0010229035384040654,-0.0008335920947545047,-8.828342498012872e-5],"mu_wr_ub":-0.05891122775438359,"mu_wi_lb":0.00187163214029368,"lam_ohm_reactive_fr":-0.0014111015873931804,